kepid,label,filename,data_points
12470954,1,12470954_confirmed.csv,1624
3858851,0,3858851_falsepositive.csv,4108
11037335,1,11037335_confirmed.csv,1624
4073730,0,4073730_falsepositive.csv,469
6863839,0,6863839_falsepositive.csv,1624
10386984,1,10386984_confirmed.csv,1624
9591070,0,9591070_falsepositive.csv,1624
8004903,1,8004903_confirmed.csv,1624
4155328,1,4155328_confirmed.csv,1624
11551692,1,11551692_confirmed.csv,469
9411943,0,9411943_falsepositive.csv,1624
4664743,0,4664743_falsepositive.csv,1624
6547322,0,6547322_falsepositive.csv,1624
11231334,0,11231334_falsepositive.csv,469
2857607,1,2857607_confirmed.csv,1624
5768816,1,5768816_confirmed.csv,1624
10253638,0,10253638_falsepositive.csv,469
7433585,0,7433585_falsepositive.csv,1624
6780367,0,6780367_falsepositive.csv,469
8709688,1,8709688_confirmed.csv,1624
9777087,0,9777087_falsepositive.csv,4134
9573685,1,9573685_confirmed.csv,1624
5039053,0,5039053_falsepositive.csv,469
11090556,1,11090556_confirmed.csv,1624
6150977,0,6150977_falsepositive.csv,4070
8753657,1,8753657_confirmed.csv,469
4056579,0,4056579_falsepositive.csv,1624
8222813,1,8222813_confirmed.csv,4108
10130039,1,10130039_confirmed.csv,469
7700871,0,7700871_falsepositive.csv,469
7430034,1,7430034_confirmed.csv,469
4049124,0,4049124_falsepositive.csv,1624
5598216,0,5598216_falsepositive.csv,1624
5801571,0,5801571_falsepositive.csv,1624
8848288,0,8848288_falsepositive.csv,469
8107225,1,8107225_confirmed.csv,1624
2436378,0,2436378_falsepositive.csv,4272
3354846,1,3354846_confirmed.csv,4070
6521526,0,6521526_falsepositive.csv,4108
11968513,0,11968513_falsepositive.csv,4108
9777062,0,9777062_falsepositive.csv,469
6528464,1,6528464_confirmed.csv,1624
10000941,1,10000941_confirmed.csv,1624
10098534,0,10098534_falsepositive.csv,1624
6774880,1,6774880_confirmed.csv,1624
7115878,0,7115878_falsepositive.csv,1624
10122255,1,10122255_confirmed.csv,1624
10729472,0,10729472_falsepositive.csv,1624
5629353,1,5629353_confirmed.csv,4366
5471574,0,5471574_falsepositive.csv,1624
3348082,1,3348082_confirmed.csv,1624
5218014,0,5218014_falsepositive.csv,1624
5941160,1,5941160_confirmed.csv,1624
11972872,0,11972872_falsepositive.csv,1624
5111801,0,5111801_falsepositive.csv,469
6936966,0,6936966_falsepositive.csv,469
9593773,0,9593773_falsepositive.csv,4070
9541094,0,9541094_falsepositive.csv,1624
11601357,0,11601357_falsepositive.csv,1008
4736208,0,4736208_falsepositive.csv,1624
7116859,0,7116859_falsepositive.csv,4108
11444514,1,11444514_confirmed.csv,1624
3762468,1,3762468_confirmed.csv,1624
8417078,1,8417078_confirmed.csv,469
7755741,0,7755741_falsepositive.csv,1624
6950275,0,6950275_falsepositive.csv,4108
7303253,1,7303253_confirmed.csv,1624
4247991,1,4247991_confirmed.csv,1624
9941387,0,9941387_falsepositive.csv,1624
2308411,0,2308411_falsepositive.csv,1624
4991208,1,4991208_confirmed.csv,469
9071593,1,9071593_confirmed.csv,1624
7135852,1,7135852_confirmed.csv,1624
8804397,1,8804397_confirmed.csv,1624
7968683,0,7968683_falsepositive.csv,1624
7449136,1,7449136_confirmed.csv,469
10600261,1,10600261_confirmed.csv,1624
3749134,1,3749134_confirmed.csv,1624
3348090,0,3348090_falsepositive.csv,469
3239636,0,3239636_falsepositive.csv,1624
3851130,0,3851130_falsepositive.csv,1624
6806632,0,6806632_falsepositive.csv,1624
7050060,0,7050060_falsepositive.csv,1624
11391957,1,11391957_confirmed.csv,1624
12010534,0,12010534_falsepositive.csv,1624
10215422,0,10215422_falsepositive.csv,1624
9480535,1,9480535_confirmed.csv,1624
7826659,1,7826659_confirmed.csv,1624
12254378,1,12254378_confirmed.csv,1624
7117147,0,7117147_falsepositive.csv,469
5471690,0,5471690_falsepositive.csv,469
8935810,1,8935810_confirmed.csv,4070
8112324,0,8112324_falsepositive.csv,1624
10337517,1,10337517_confirmed.csv,1624
9595686,0,9595686_falsepositive.csv,1624
9959545,0,9959545_falsepositive.csv,1624
10318874,1,10318874_confirmed.csv,469
4862332,0,4862332_falsepositive.csv,1624
9654468,1,9654468_confirmed.csv,4486
5125347,1,5125347_confirmed.csv,1624
3973549,0,3973549_falsepositive.csv,1624
6880531,0,6880531_falsepositive.csv,1624
9823487,1,9823487_confirmed.csv,1624
2854181,1,2854181_confirmed.csv,1624
4843592,0,4843592_falsepositive.csv,1624
9838468,1,9838468_confirmed.csv,1624
12254792,1,12254792_confirmed.csv,1624
11253827,1,11253827_confirmed.csv,469
3650049,0,3650049_falsepositive.csv,1624
6272413,1,6272413_confirmed.csv,1624
7458762,1,7458762_confirmed.csv,1624
5193384,0,5193384_falsepositive.csv,4473
5983348,0,5983348_falsepositive.csv,1624
10384962,0,10384962_falsepositive.csv,1624
6867555,1,6867555_confirmed.csv,4108
3328080,1,3328080_confirmed.csv,469
10399137,0,10399137_falsepositive.csv,1624
9965439,1,9965439_confirmed.csv,469
6962109,1,6962109_confirmed.csv,4108
9205938,1,9205938_confirmed.csv,1624
3732035,1,3732035_confirmed.csv,1624
9307509,1,9307509_confirmed.csv,1624
9838608,0,9838608_falsepositive.csv,1624
6291033,1,6291033_confirmed.csv,1624
3114167,1,3114167_confirmed.csv,1624
11906217,0,11906217_falsepositive.csv,1624
11966557,0,11966557_falsepositive.csv,4070
10677186,0,10677186_falsepositive.csv,4108
2576107,0,2576107_falsepositive.csv,1624
6676725,0,6676725_falsepositive.csv,1624
6593363,0,6593363_falsepositive.csv,469
8081187,1,8081187_confirmed.csv,469
4044005,0,4044005_falsepositive.csv,469
7869917,1,7869917_confirmed.csv,469
9573539,1,9573539_confirmed.csv,469
6685646,0,6685646_falsepositive.csv,1624
11493732,0,11493732_falsepositive.csv,1624
4914566,1,4914566_confirmed.csv,469
2719873,0,2719873_falsepositive.csv,1624
11962284,1,11962284_confirmed.csv,1624
6124512,1,6124512_confirmed.csv,1624
6891513,0,6891513_falsepositive.csv,4108
11547513,1,11547513_confirmed.csv,469
12506417,0,12506417_falsepositive.csv,469
7603200,1,7603200_confirmed.csv,469
9710326,1,9710326_confirmed.csv,1624
6350522,0,6350522_falsepositive.csv,1624
10597164,0,10597164_falsepositive.csv,1624
11667548,0,11667548_falsepositive.csv,4070
6200709,0,6200709_falsepositive.csv,4441
5130380,0,5130380_falsepositive.csv,4441
5953297,1,5953297_confirmed.csv,1624
4651399,0,4651399_falsepositive.csv,4070
9171801,0,9171801_falsepositive.csv,4070
6049190,1,6049190_confirmed.csv,1624
6226908,1,6226908_confirmed.csv,1624
9884104,1,9884104_confirmed.csv,1624
5988031,0,5988031_falsepositive.csv,1624
8009500,0,8009500_falsepositive.csv,1624
9214942,1,9214942_confirmed.csv,1624
5106313,1,5106313_confirmed.csv,1624
10599206,1,10599206_confirmed.csv,1624
9269281,1,9269281_confirmed.csv,4108
11337372,1,11337372_confirmed.csv,1008
5342473,1,5342473_confirmed.csv,1624
7289165,0,7289165_falsepositive.csv,1624
7849854,1,7849854_confirmed.csv,1624
7047824,1,7047824_confirmed.csv,4070
10916600,1,10916600_confirmed.csv,469
10732401,0,10732401_falsepositive.csv,1624
5565486,0,5565486_falsepositive.csv,4108
11249624,0,11249624_falsepositive.csv,1624
5879448,0,5879448_falsepositive.csv,469
4144238,0,4144238_falsepositive.csv,1624
8481129,1,8481129_confirmed.csv,1624
4860932,0,4860932_falsepositive.csv,1624
11410904,1,11410904_confirmed.csv,1624
9512687,1,9512687_confirmed.csv,1624
8158127,1,8158127_confirmed.csv,1624
7220429,1,7220429_confirmed.csv,1624
1717528,0,1717528_falsepositive.csv,1624
9597058,1,9597058_confirmed.csv,469
10426656,1,10426656_confirmed.csv,1624
8742590,1,8742590_confirmed.csv,1624
5305240,0,5305240_falsepositive.csv,469
10909127,1,10909127_confirmed.csv,1624
9119652,0,9119652_falsepositive.csv,3534
9455325,1,9455325_confirmed.csv,1624
11391018,1,11391018_confirmed.csv,1624
10419211,0,10419211_falsepositive.csv,1624
7369865,0,7369865_falsepositive.csv,1624
3851193,0,3851193_falsepositive.csv,1624
8265520,0,8265520_falsepositive.csv,4272
6541920,1,6541920_confirmed.csv,1624
5183357,1,5183357_confirmed.csv,1624
10620329,0,10620329_falsepositive.csv,469
11547505,1,11547505_confirmed.csv,1624
6363560,0,6363560_falsepositive.csv,1624
5774349,1,5774349_confirmed.csv,1624
9881077,1,9881077_confirmed.csv,1624
3952651,0,3952651_falsepositive.csv,4070
5951416,0,5951416_falsepositive.csv,1624
8107380,1,8107380_confirmed.csv,1624
5035972,0,5035972_falsepositive.csv,1624
7935997,1,7935997_confirmed.csv,469
8156120,1,8156120_confirmed.csv,469
9048161,0,9048161_falsepositive.csv,1624
12405950,0,12405950_falsepositive.csv,4134
10666242,0,10666242_falsepositive.csv,1624
3847708,0,3847708_falsepositive.csv,1624
6368175,1,6368175_confirmed.csv,1624
9899483,0,9899483_falsepositive.csv,1624
5860968,1,5860968_confirmed.csv,1624
9893278,0,9893278_falsepositive.csv,1624
3849155,0,3849155_falsepositive.csv,1624
10268809,0,10268809_falsepositive.csv,1624
11192998,1,11192998_confirmed.csv,1624
9003401,1,9003401_confirmed.csv,469
11560037,0,11560037_falsepositive.csv,1624
6129694,0,6129694_falsepositive.csv,469
5792202,1,5792202_confirmed.csv,1624
6265792,1,6265792_confirmed.csv,1624
8165946,1,8165946_confirmed.csv,1624
6263593,1,6263593_confirmed.csv,1624
10070468,1,10070468_confirmed.csv,1624
5616489,0,5616489_falsepositive.csv,1624
9344623,0,9344623_falsepositive.csv,1624
5175986,1,5175986_confirmed.csv,4070
8349405,0,8349405_falsepositive.csv,1624
9214715,0,9214715_falsepositive.csv,1624
4917658,0,4917658_falsepositive.csv,1624
6443392,0,6443392_falsepositive.csv,469
2852941,0,2852941_falsepositive.csv,1624
4346875,0,4346875_falsepositive.csv,1624
7663691,1,7663691_confirmed.csv,1624
4743513,0,4743513_falsepositive.csv,469
8874090,1,8874090_confirmed.csv,1624
4764774,0,4764774_falsepositive.csv,1624
4138951,1,4138951_confirmed.csv,1624
10360722,1,10360722_confirmed.csv,1624
10482160,1,10482160_confirmed.csv,1624
7117003,0,7117003_falsepositive.csv,1624
10213902,1,10213902_confirmed.csv,1624
11304987,0,11304987_falsepositive.csv,1624
5480736,0,5480736_falsepositive.csv,1624
10134152,1,10134152_confirmed.csv,1624
7877824,0,7877824_falsepositive.csv,4108
5479717,0,5479717_falsepositive.csv,4108
6695622,0,6695622_falsepositive.csv,1624
4656049,1,4656049_confirmed.csv,1624
10332883,1,10332883_confirmed.csv,1624
5880320,1,5880320_confirmed.csv,1624
1873513,1,1873513_confirmed.csv,4269
7440748,1,7440748_confirmed.csv,1624
8294484,0,8294484_falsepositive.csv,4473
5856571,1,5856571_confirmed.csv,469
7763269,0,7763269_falsepositive.csv,4441
10669994,1,10669994_confirmed.csv,1624
3654719,0,3654719_falsepositive.csv,1624
3660924,1,3660924_confirmed.csv,1624
6266741,1,6266741_confirmed.csv,1624
7033233,1,7033233_confirmed.csv,1624
4180280,1,4180280_confirmed.csv,1624
10960993,0,10960993_falsepositive.csv,469
10385708,0,10385708_falsepositive.csv,469
7439316,1,7439316_confirmed.csv,1624
10214328,0,10214328_falsepositive.csv,469
5015913,0,5015913_falsepositive.csv,469
7938499,0,7938499_falsepositive.csv,1624
4365645,1,4365645_confirmed.csv,469
10026458,0,10026458_falsepositive.csv,1624
12306699,0,12306699_falsepositive.csv,1624
6061773,1,6061773_confirmed.csv,469
7626506,1,7626506_confirmed.csv,1624
8701327,0,8701327_falsepositive.csv,469
8758136,0,8758136_falsepositive.csv,4070
9139084,1,9139084_confirmed.csv,469
11129738,1,11129738_confirmed.csv,1624
1718958,1,1718958_confirmed.csv,469
4946581,0,4946581_falsepositive.csv,1624
3644653,0,3644653_falsepositive.csv,1624
5211470,0,5211470_falsepositive.csv,469
9141746,1,9141746_confirmed.csv,4070
5471059,0,5471059_falsepositive.csv,1624
5184584,1,5184584_confirmed.csv,1624
11560382,0,11560382_falsepositive.csv,1624
8558011,1,8558011_confirmed.csv,4070
8192911,0,8192911_falsepositive.csv,4108
11656918,1,11656918_confirmed.csv,1624
11904151,1,11904151_confirmed.csv,469
6359802,0,6359802_falsepositive.csv,4108
10405546,0,10405546_falsepositive.csv,1624
7203179,0,7203179_falsepositive.csv,469
8440062,0,8440062_falsepositive.csv,469
11506938,0,11506938_falsepositive.csv,469
9651234,1,9651234_confirmed.csv,1624
8508126,0,8508126_falsepositive.csv,1624
5206233,0,5206233_falsepositive.csv,4108
9595827,1,9595827_confirmed.csv,1624
10340228,0,10340228_falsepositive.csv,1624
6199056,0,6199056_falsepositive.csv,469
11802615,1,11802615_confirmed.csv,469
10001368,1,10001368_confirmed.csv,4272
4164393,0,4164393_falsepositive.csv,1624
11465950,1,11465950_confirmed.csv,1624
9593759,0,9593759_falsepositive.csv,3106
10862284,0,10862284_falsepositive.csv,4108
4459503,0,4459503_falsepositive.csv,1624
4135665,1,4135665_confirmed.csv,1624
8681734,1,8681734_confirmed.csv,1624
4275739,0,4275739_falsepositive.csv,4108
9328852,0,9328852_falsepositive.csv,1624
4372410,0,4372410_falsepositive.csv,469
4037164,0,4037164_falsepositive.csv,1624
6773862,1,6773862_confirmed.csv,1624
11912911,0,11912911_falsepositive.csv,1624
9965184,0,9965184_falsepositive.csv,4108
11493431,1,11493431_confirmed.csv,1624
10214162,1,10214162_confirmed.csv,4108
4055304,1,4055304_confirmed.csv,1624
9873254,1,9873254_confirmed.csv,469
9656397,0,9656397_falsepositive.csv,1624
3836558,0,3836558_falsepositive.csv,1624
4073707,0,4073707_falsepositive.csv,4108
3836453,0,3836453_falsepositive.csv,469
3858917,0,3858917_falsepositive.csv,1624
10963065,1,10963065_confirmed.csv,469
9631762,1,9631762_confirmed.csv,1624
10842192,1,10842192_confirmed.csv,1624
7747835,0,7747835_falsepositive.csv,1624
12116380,1,12116380_confirmed.csv,1624
8012732,0,8012732_falsepositive.csv,4070
8890150,1,8890150_confirmed.csv,1624
9886361,1,9886361_confirmed.csv,1624
7257966,1,7257966_confirmed.csv,1624
11389771,1,11389771_confirmed.csv,1624
6311681,0,6311681_falsepositive.csv,1624
9388479,1,9388479_confirmed.csv,1624
9897364,1,9897364_confirmed.csv,4486
8750094,0,8750094_falsepositive.csv,4108
4140813,1,4140813_confirmed.csv,1624
12418724,1,12418724_confirmed.csv,1624
9347009,1,9347009_confirmed.csv,1624
10653179,1,10653179_confirmed.csv,1624
5780885,1,5780885_confirmed.csv,469
2438062,0,2438062_falsepositive.csv,4269
9282769,0,9282769_falsepositive.csv,469
11296045,0,11296045_falsepositive.csv,469
6301035,0,6301035_falsepositive.csv,1624
5211199,1,5211199_confirmed.csv,469
11612280,1,11612280_confirmed.csv,1624
1293031,0,1293031_falsepositive.csv,469
7277317,1,7277317_confirmed.csv,4070
3937814,1,3937814_confirmed.csv,1624
3554031,1,3554031_confirmed.csv,4108
9758089,1,9758089_confirmed.csv,1624
7436177,0,7436177_falsepositive.csv,4269
5535890,0,5535890_falsepositive.csv,1624
6023859,0,6023859_falsepositive.csv,4134
2438264,1,2438264_confirmed.csv,1624
7211469,1,7211469_confirmed.csv,1624
6635813,0,6635813_falsepositive.csv,1624
6276791,1,6276791_confirmed.csv,1624
11093538,0,11093538_falsepositive.csv,4108
5213230,1,5213230_confirmed.csv,1624
4473226,1,4473226_confirmed.csv,4070
5812701,1,5812701_confirmed.csv,469
8745553,1,8745553_confirmed.csv,4070
4913852,1,4913852_confirmed.csv,1624
5965819,1,5965819_confirmed.csv,1624
3935914,1,3935914_confirmed.csv,4070
6752502,0,6752502_falsepositive.csv,4070
5542466,1,5542466_confirmed.csv,4070
7116117,0,7116117_falsepositive.csv,469
4740676,0,4740676_falsepositive.csv,469
9597806,1,9597806_confirmed.csv,4108
3098810,1,3098810_confirmed.csv,469
3757590,0,3757590_falsepositive.csv,1624
10005788,1,10005788_confirmed.csv,1624
7971389,0,7971389_falsepositive.csv,1624
10526887,1,10526887_confirmed.csv,1624
10924562,1,10924562_confirmed.csv,4108
6356207,1,6356207_confirmed.csv,4108
5986270,0,5986270_falsepositive.csv,469
6699368,0,6699368_falsepositive.csv,1624
4136659,0,4136659_falsepositive.csv,469
9266285,0,9266285_falsepositive.csv,1624
11391181,0,11391181_falsepositive.csv,1624
7804128,0,7804128_falsepositive.csv,1624
6468138,1,6468138_confirmed.csv,469
10094670,1,10094670_confirmed.csv,1624
11619964,0,11619964_falsepositive.csv,1624
8866102,1,8866102_confirmed.csv,469
9271752,1,9271752_confirmed.csv,1624
4454752,1,4454752_confirmed.csv,1624
8540376,1,8540376_confirmed.csv,3534
11807274,1,11807274_confirmed.csv,469
8605074,0,8605074_falsepositive.csv,4070
6388770,0,6388770_falsepositive.csv,1624
10583066,1,10583066_confirmed.csv,1624
